trip_id,status,location,cx,cy,ux,uy
15366,on_link,upward-Panchsheel Park-upward-Hauz Khas,77.2177442,28.5425404,-0.013839000000004376,0.0010070000000013124
15367,stop,upward-Greater Kailash,77.238243,28.541836,0.0,0.0
15368,stop,upward-Okhla NSIC,77.26487,28.554575,0.0,0.0
15369,on_link,upward-Okhla Vihar-upward-Jamia Millia Islamia,77.2907746,28.5615928,-0.005707000000001017,0.001689000000002494
15370,stop,upward-Jasola Vihar Shaheen Bagh,77.296715,28.546005,0.0,0.0
15371,on_link,upward-Okhla Bird Sanctuary-upward-Kalindi Kunj,77.3192858,28.5508198,-0.011390999999989049,-0.009980999999999796
15372,stop,upward-Botanical Garden,77.334656,28.564198,0.0,0.0
