trip_id,status,location,cx,cy,ux,uy
15380,on_link,upward-Panchsheel Park-upward-Hauz Khas,77.2177442,28.5425404,-0.013839000000004376,0.0010070000000013124
15381,on_link,upward-Greater Kailash-upward-Chirag Delhi,77.2364714,28.5417146,-0.008858000000003585,-0.0006069999999986919
15382,on_link,upward-Okhla NSIC-upward-Kalkaji Mandir,77.2636538,28.5535664,-0.006081000000008885,-0.005043000000000575
15383,on_link,upward-Jamia Millia Islamia-upward-Sukhdev Vihar,77.2839904,28.5623326,-0.011093000000002462,-0.0030570000000018638
15384,stop,upward-Okhla Vihar,77.291916,28.561255,0.0,0.0
15385,on_link,upward-Kalindi Kunj-upward-Jasola Vihar Shaheen Bagh,77.3074814,28.543469,-0.01345799999999997,0.0031700000000007833
15386,on_link,upward-Botanical Garden-upward-Okhla Bird Sanctuary,77.33203759999999,28.5619216,-0.013092000000000326,-0.011382000000001113
