trip_id,status,location,cx,cy,ux,uy
15369,on_link,upward-Greater Kailash-upward-Chirag Delhi,77.2364714,28.5417146,-0.008858000000003585,-0.0006069999999986919
15370,on_link,upward-Kalkaji Mandir-upward-Nehru Enclave,77.2572632,28.548796799999998,-0.007628999999994335,-0.0036759999999986803
15371,stop,upward-Sukhdev Vihar,77.275116,28.559887,0.0,0.0
15372,on_link,upward-Okhla Vihar-upward-Jamia Millia Islamia,77.2907746,28.5615928,-0.005707000000001017,0.001689000000002494
15373,on_link,upward-Kalindi Kunj-upward-Jasola Vihar Shaheen Bagh,77.3074814,28.543469,-0.01345799999999997,0.0031700000000007833
15374,stop,upward-Okhla Bird Sanctuary,77.321564,28.552816,0.0,0.0
