trip_id,status,location,cx,cy,ux,uy
15353,stop,upward-Panchsheel Park,77.220512,28.542339,0.0,0.0
15354,stop,upward-Nehru Enclave,77.25116,28.545856,0.0,0.0
15355,on_link,upward-Sukhdev Vihar-upward-Okhla NSIC,77.2730668,28.5588246,-0.010245999999995092,-0.005311999999999983
15356,on_link,upward-Jasola Vihar Shaheen Bagh-upward-Okhla Vihar,77.2957552,28.549055,-0.004799000000005549,0.01524999999999821
15357,on_link,upward-Okhla Bird Sanctuary-upward-Kalindi Kunj,77.3192858,28.5508198,-0.011390999999989049,-0.009980999999999796
