trip_id,status,location,cx,cy,ux,uy
15351,on_link,upward-Jamia Millia Islamia-upward-Sukhdev Vihar,77.2839904,28.5623326,-0.011093000000002462,-0.0030570000000018638
15352,stop,upward-Jasola Vihar Shaheen Bagh,77.296715,28.546005,0.0,0.0
15353,on_link,upward-Botanical Garden-upward-Okhla Bird Sanctuary,77.33203759999999,28.5619216,-0.013092000000000326,-0.011382000000001113
