trip_id,status,location,cx,cy,ux,uy
15366,on_link,upward-Greater Kailash-upward-Chirag Delhi,77.2364714,28.5417146,-0.008858000000003585,-0.0006069999999986919
15367,on_link,upward-Okhla NSIC-upward-Kalkaji Mandir,77.2636538,28.5535664,-0.006081000000008885,-0.005043000000000575
15368,on_link,upward-Okhla Vihar-upward-Jamia Millia Islamia,77.2907746,28.5615928,-0.005707000000001017,0.001689000000002494
15369,on_link,upward-Kalindi Kunj-upward-Jasola Vihar Shaheen Bagh,77.3074814,28.543469,-0.01345799999999997,0.0031700000000007833
15370,on_link,upward-Okhla Bird Sanctuary-upward-Kalindi Kunj,77.3192858,28.5508198,-0.011390999999989049,-0.009980999999999796
