trip_id,status,location,cx,cy,ux,uy
15366,stop,upward-Panchsheel Park,77.220512,28.542339,0.0,0.0
15367,stop,upward-Nehru Enclave,77.25116,28.545856,0.0,0.0
15368,stop,upward-Sukhdev Vihar,77.275116,28.559887,0.0,0.0
15369,on_link,upward-Jasola Vihar Shaheen Bagh-upward-Okhla Vihar,77.2957552,28.549055,-0.004799000000005549,0.01524999999999821
15370,on_link,upward-Kalindi Kunj-upward-Jasola Vihar Shaheen Bagh,77.3074814,28.543469,-0.01345799999999997,0.0031700000000007833
15371,on_link,upward-Botanical Garden-upward-Okhla Bird Sanctuary,77.33203759999999,28.5619216,-0.013092000000000326,-0.011382000000001113
