trip_id,status,location,cx,cy,ux,uy
15351,on_link,upward-Jasola Vihar Shaheen Bagh-upward-Okhla Vihar,77.2957552,28.549055,-0.004799000000005549,0.01524999999999821
15352,on_link,upward-Okhla Bird Sanctuary-upward-Kalindi Kunj,77.3192858,28.5508198,-0.011390999999989049,-0.009980999999999796
