trip_id,status,location,cx,cy,ux,uy
15356,on_link,upward-Chirag Delhi-upward-Panchsheel Park,77.22761039999999,28.541451000000002,-0.008872999999994136,0.0011099999999970578
15357,stop,upward-Kalkaji Mandir,77.258789,28.549532,0.0,0.0
15358,on_link,upward-Jamia Millia Islamia-upward-Sukhdev Vihar,77.2839904,28.5623326,-0.011093000000002462,-0.0030570000000018638
15359,on_link,upward-Jasola Vihar Shaheen Bagh-upward-Okhla Vihar,77.2957552,28.549055,-0.004799000000005549,0.01524999999999821
15360,on_link,upward-Okhla Bird Sanctuary-upward-Kalindi Kunj,77.3192858,28.5508198,-0.011390999999989049,-0.009980999999999796
