trip_id,status,location,cx,cy,ux,uy
15368,on_link,upward-Chirag Delhi-upward-Panchsheel Park,77.22761039999999,28.541451000000002,-0.008872999999994136,0.0011099999999970578
15369,stop,upward-Kalkaji Mandir,77.258789,28.549532,0.0,0.0
15370,stop,upward-Sukhdev Vihar,77.275116,28.559887,0.0,0.0
15371,on_link,upward-Okhla Vihar-upward-Jamia Millia Islamia,77.2907746,28.5615928,-0.005707000000001017,0.001689000000002494
15372,on_link,upward-Kalindi Kunj-upward-Jasola Vihar Shaheen Bagh,77.3074814,28.543469,-0.01345799999999997,0.0031700000000007833
15373,on_link,upward-Botanical Garden-upward-Okhla Bird Sanctuary,77.33203759999999,28.5619216,-0.013092000000000326,-0.011382000000001113
