trip_id,status,location,cx,cy,ux,uy
15351,stop,upward-Greater Kailash,77.238243,28.541836,0.0,0.0
15352,stop,upward-Okhla NSIC,77.26487,28.554575,0.0,0.0
15353,on_link,upward-Okhla Vihar-upward-Jamia Millia Islamia,77.2907746,28.5615928,-0.005707000000001017,0.001689000000002494
15354,on_link,upward-Kalindi Kunj-upward-Jasola Vihar Shaheen Bagh,77.3074814,28.543469,-0.01345799999999997,0.0031700000000007833
15355,on_link,upward-Botanical Garden-upward-Okhla Bird Sanctuary,77.33203759999999,28.5619216,-0.013092000000000326,-0.011382000000001113
