trip_id,status,location,cx,cy,ux,uy
15353,on_link,upward-Chirag Delhi-upward-Panchsheel Park,77.22761039999999,28.541451000000002,-0.008872999999994136,0.0011099999999970578
15354,on_link,upward-Kalkaji Mandir-upward-Nehru Enclave,77.2572632,28.548796799999998,-0.007628999999994335,-0.0036759999999986803
15355,stop,upward-Sukhdev Vihar,77.275116,28.559887,0.0,0.0
15356,on_link,upward-Jasola Vihar Shaheen Bagh-upward-Okhla Vihar,77.2957552,28.549055,-0.004799000000005549,0.01524999999999821
15357,on_link,upward-Okhla Bird Sanctuary-upward-Kalindi Kunj,77.3192858,28.5508198,-0.011390999999989049,-0.009980999999999796
