trip_id,status,location,cx,cy,ux,uy
15390,on_link,upward-Panchsheel Park-upward-Hauz Khas,77.2177442,28.5425404,-0.013839000000004376,0.0010070000000013124
15391,on_link,upward-Greater Kailash-upward-Chirag Delhi,77.2364714,28.5417146,-0.008858000000003585,-0.0006069999999986919
15392,on_link,upward-Kalkaji Mandir-upward-Nehru Enclave,77.2572632,28.548796799999998,-0.007628999999994335,-0.0036759999999986803
15393,stop,upward-Sukhdev Vihar,77.275116,28.559887,0.0,0.0
15394,on_link,upward-Okhla Vihar-upward-Jamia Millia Islamia,77.2907746,28.5615928,-0.005707000000001017,0.001689000000002494
15395,on_link,upward-Kalindi Kunj-upward-Jasola Vihar Shaheen Bagh,77.3074814,28.543469,-0.01345799999999997,0.0031700000000007833
15396,stop,upward-Okhla Bird Sanctuary,77.321564,28.552816,0.0,0.0
