trip_id,status,location,cx,cy,ux,uy
15368,stop,upward-Chirag Delhi,77.229385,28.541229,0.0,0.0
15369,on_link,upward-Okhla NSIC-upward-Kalkaji Mandir,77.2636538,28.5535664,-0.006081000000008885,-0.005043000000000575
15370,on_link,upward-Jamia Millia Islamia-upward-Sukhdev Vihar,77.2839904,28.5623326,-0.011093000000002462,-0.0030570000000018638
15371,stop,upward-Okhla Vihar,77.291916,28.561255,0.0,0.0
15372,on_link,upward-Kalindi Kunj-upward-Jasola Vihar Shaheen Bagh,77.3074814,28.543469,-0.01345799999999997,0.0031700000000007833
15373,on_link,upward-Botanical Garden-upward-Okhla Bird Sanctuary,77.33203759999999,28.5619216,-0.013092000000000326,-0.011382000000001113
