trip_id,status,location,cx,cy,ux,uy
15351,on_link,upward-Nehru Enclave-upward-Greater Kailash,77.24857659999999,28.545052000000002,-0.012917000000001622,-0.004020000000000579
15352,on_link,upward-Sukhdev Vihar-upward-Okhla NSIC,77.2730668,28.5588246,-0.010245999999995092,-0.005311999999999983
15353,stop,upward-Okhla Vihar,77.291916,28.561255,0.0,0.0
15354,stop,upward-Kalindi Kunj,77.310173,28.542835,0.0,0.0
15355,on_link,upward-Botanical Garden-upward-Okhla Bird Sanctuary,77.33203759999999,28.5619216,-0.013092000000000326,-0.011382000000001113
