trip_id,status,location,cx,cy,ux,uy
15367,on_link,upward-Panchsheel Park-upward-Hauz Khas,77.2177442,28.5425404,-0.013839000000004376,0.0010070000000013124
15368,stop,upward-Greater Kailash,77.238243,28.541836,0.0,0.0
15369,stop,upward-Okhla NSIC,77.26487,28.554575,0.0,0.0
15370,on_link,upward-Jamia Millia Islamia-upward-Sukhdev Vihar,77.2839904,28.5623326,-0.011093000000002462,-0.0030570000000018638
15371,on_link,upward-Jasola Vihar Shaheen Bagh-upward-Okhla Vihar,77.2957552,28.549055,-0.004799000000005549,0.01524999999999821
15372,on_link,upward-Okhla Bird Sanctuary-upward-Kalindi Kunj,77.3192858,28.5508198,-0.011390999999989049,-0.009980999999999796
15373,on_link,upward-Botanical Garden-upward-Okhla Bird Sanctuary,77.33203759999999,28.5619216,-0.013092000000000326,-0.011382000000001113
