trip_id,status,location,cx,cy,ux,uy
15373,stop,upward-Hauz Khas,77.206673,28.543346,0.0,0.0
15374,on_link,upward-Greater Kailash-upward-Chirag Delhi,77.2364714,28.5417146,-0.008858000000003585,-0.0006069999999986919
15375,on_link,upward-Kalkaji Mandir-upward-Nehru Enclave,77.2572632,28.548796799999998,-0.007628999999994335,-0.0036759999999986803
15376,on_link,upward-Sukhdev Vihar-upward-Okhla NSIC,77.2730668,28.5588246,-0.010245999999995092,-0.005311999999999983
15377,on_link,upward-Okhla Vihar-upward-Jamia Millia Islamia,77.2907746,28.5615928,-0.005707000000001017,0.001689000000002494
15378,on_link,upward-Kalindi Kunj-upward-Jasola Vihar Shaheen Bagh,77.3074814,28.543469,-0.01345799999999997,0.0031700000000007833
15379,on_link,upward-Okhla Bird Sanctuary-upward-Kalindi Kunj,77.3192858,28.5508198,-0.011390999999989049,-0.009980999999999796
