trip_id,status,location,cx,cy,ux,uy
15351,on_link,upward-Sukhdev Vihar-upward-Okhla NSIC,77.2730668,28.5588246,-0.010245999999995092,-0.005311999999999983
15352,on_link,upward-Okhla Vihar-upward-Jamia Millia Islamia,77.2907746,28.5615928,-0.005707000000001017,0.001689000000002494
15353,on_link,upward-Kalindi Kunj-upward-Jasola Vihar Shaheen Bagh,77.3074814,28.543469,-0.01345799999999997,0.0031700000000007833
15354,on_link,upward-Botanical Garden-upward-Okhla Bird Sanctuary,77.33203759999999,28.5619216,-0.013092000000000326,-0.011382000000001113
