trip_id,status,location,cx,cy,ux,uy
15355,on_link,upward-Panchsheel Park-upward-Hauz Khas,77.2177442,28.5425404,-0.013839000000004376,0.0010070000000013124
15356,stop,upward-Greater Kailash,77.238243,28.541836,0.0,0.0
15357,stop,upward-Okhla NSIC,77.26487,28.554575,0.0,0.0
15358,on_link,upward-Okhla Vihar-upward-Jamia Millia Islamia,77.2907746,28.5615928,-0.005707000000001017,0.001689000000002494
15359,on_link,upward-Kalindi Kunj-upward-Jasola Vihar Shaheen Bagh,77.3074814,28.543469,-0.01345799999999997,0.0031700000000007833
15360,on_link,upward-Botanical Garden-upward-Okhla Bird Sanctuary,77.33203759999999,28.5619216,-0.013092000000000326,-0.011382000000001113
