trip_id,status,location,cx,cy,ux,uy
15367,on_link,upward-Chirag Delhi-upward-Panchsheel Park,77.22761039999999,28.541451000000002,-0.008872999999994136,0.0011099999999970578
15368,on_link,upward-Kalkaji Mandir-upward-Nehru Enclave,77.2572632,28.548796799999998,-0.007628999999994335,-0.0036759999999986803
15369,on_link,upward-Jamia Millia Islamia-upward-Sukhdev Vihar,77.2839904,28.5623326,-0.011093000000002462,-0.0030570000000018638
15370,stop,upward-Okhla Vihar,77.291916,28.561255,0.0,0.0
15371,on_link,upward-Kalindi Kunj-upward-Jasola Vihar Shaheen Bagh,77.3074814,28.543469,-0.01345799999999997,0.0031700000000007833
15372,on_link,upward-Botanical Garden-upward-Okhla Bird Sanctuary,77.33203759999999,28.5619216,-0.013092000000000326,-0.011382000000001113
