trip_id,status,location,cx,cy,ux,uy
15367,stop,upward-Panchsheel Park,77.220512,28.542339,0.0,0.0
15368,stop,upward-Nehru Enclave,77.25116,28.545856,0.0,0.0
15369,stop,upward-Sukhdev Vihar,77.275116,28.559887,0.0,0.0
15370,on_link,upward-Okhla Vihar-upward-Jamia Millia Islamia,77.2907746,28.5615928,-0.005707000000001017,0.001689000000002494
15371,on_link,upward-Kalindi Kunj-upward-Jasola Vihar Shaheen Bagh,77.3074814,28.543469,-0.01345799999999997,0.0031700000000007833
15372,stop,upward-Okhla Bird Sanctuary,77.321564,28.552816,0.0,0.0
